{"Props":{"AIDistance":[20,5,10,15,20,25,30,35,30,25,45,65,90,115,140,165,40,3,6,16,46,49,59,89,50,30,60,63,73,78,108,138],"AIMaximumSeparation":50.0,"AIMinimumSeparation":0.30000001192092896,"AISteeringSensitivity":48,"CourseLength":"100m","CurveTargetSpeed":[4.166666507720947,5.583333492279053,6.166666507720947,6.75],"NormalTargetSpeed":[3.75,5.166666507720947,5.75,6.333333492279053],"D_0D0096B8":[3.3333332538604736,3.9166667461395264,4.5,5.083333492279053],"OffTrackTargetSpeed":[3.75,5.166666507720947,5.75,6.333333492279053], "DebugName":"harbour","FarPersp":6800.0,"LakituTowType":0,"MinimapColour":[251,234,188],"MinimapFinishlineX":1.0,"MinimapFinishlineY":0.0,"MinimapPlayerScaleFactor":0.03799999877810478,"MinimapPlayerX":53,"MinimapPlayerY":48,"MinimapPosition":[273,168],"MinimapPosition2P":[5,0],"Name":"harbour","NearPersp":3.0,"Sequence":6,"Skybox":[66,179,246,255,118,118,0,198,255,0,180,255,0,96,255,0,96,255,0,96,255,0,96,255],"WaterLevel":-130.0},"StaticMeshActors":null}
